id,x,y
viva,4.135935,73.619009
Villacentro,4.138997,73.621812
