id,x,y
Viva,4.135935,73.619009
