id,x,y
,viva,	4.135935,73.619009
